{"id": "ba271655-84b4-48d7-9ae6-98884230da0b",
  "title": "Bird+ Plus Subscription",
  "line_items": [
          {"kind": "bird_plus",
          "title": "Bird Plus Subscription",
          "value_amount": 599,
          "value_string": "$5.99"},
          {"kind": "tax",
          "title": "Tax",
          "value_amount": 99,
          "value_string": "$0.99"},
          {"kind": "total",
          "title": "Total",
          "value_amount": 698,
          "value_string": "$6.98"}
  ],
  "show_download_invoice_button": true
}
