{
  "bird_events" : [
    {
      "bird_id" : "95b5a85e-2663-418c-8d83-ee10e233f31b",
      "id" : "46261e18-64c9-4c84-8cbb-2c24451f6f0d",
      "source_kind" : "ride",
      "created_at" : "2022-09-12T01:04:02.974845Z",
      "status_field" : "locked",
      "source_id" : "db6bf46b-9cc2-4bc4-9b5a-96f69319d977",
      "value" : false
    },
    {
      "bird_id" : "95b5a85e-2663-418c-8d83-ee10e233f31b",
      "id" : "0ea354f2-b19f-49bc-a9df-fd8af07dc481",
      "source_kind" : "ride",
      "created_at" : "2022-09-12T01:15:31.552266Z",
      "status_field" : "locked",
      "source_id" : "db6bf46b-9cc2-4bc4-9b5a-96f69319d977",
      "value" : true
    }
  ],
  "ride" : {
    "completed_at" : "2022-09-12T01:15:31.299323Z",
    "initial_distance" : 544439,
    "partner_id" : "a6f6095e-fd26-4d6f-aad9-1c01c789f8e1",
    "user_id" : "74ad2c41-79dd-40e2-890c-499a27c29dff",
    "pay_as_you_go" : false,
    "duration_minutes" : 11,
    "currency" : "usd",
    "end_source" : "user",
    "billed_minutes" : 12,
    "bird_ephemeral_id" : "18684811-b9ab-4470-a701-df848abace6f",
    "duration_seconds" : 688,
    "delivery" : false,
    "id" : "db6bf46b-9cc2-4bc4-9b5a-96f69319d977",
    "started_outside_operating_area" : false,
    "vehicle_model" : "b3",
    "bird_id" : "95b5a85e-2663-418c-8d83-ee10e233f31b",
    "distance" : 2922,
    "cost" : 520,
    "current_distance" : 547361,
    "started_at" : "2022-09-12T01:04:02.912461Z",
    "started_in_no_ride_area" : false
  },
  "distance" : "1.8 mi",
  "cost" : "$6.23",
  "coupons" : [

  ],
  "show_confetti" : false,
  "receipt" : {
    "parking_incentive_kind" : "coupon",
    "debit_transaction_line_items" : [
      {
        "value_amount" : 520,
        "kind" : "item",
        "title" : "Ride",
        "value_string" : "$5.20"
      },
      {
        "value_amount" : 53,
        "kind" : "item",
        "title" : "Tax",
        "value_string" : "$0.53"
      },
      {
        "value_amount" : 50,
        "kind" : "item",
        "title" : "Culver City Fee",
        "value_string" : "$0.50"
      },
      {
        "value_amount" : 623,
        "kind" : "item",
        "title" : "Total",
        "value_string" : "$6.23"
      }
    ],
    "debit_transactions" : [
      {
        "amount" : -520,
        "status" : "null",
        "id" : "cdfdfd4a-9fbd-4d14-b8b0-fea069a72135",
        "transaction_kind" : "debit",
        "source_kind" : "ride",
        "created_at" : "2022-09-12T01:15:31.431043Z",
        "user_id" : "74ad2c41-79dd-40e2-890c-499a27c29dff",
        "source_id" : "db6bf46b-9cc2-4bc4-9b5a-96f69319d977",
        "currency" : "usd",
        "updated_at" : "2022-09-12T01:15:31.431044Z"
      },
      {
        "amount" : -53,
        "status" : "null",
        "id" : "b6e794f7-00db-4351-9783-0a2dcfde3906",
        "transaction_kind" : "debit",
        "source_kind" : "tax",
        "created_at" : "2022-09-12T01:15:31.485329Z",
        "user_id" : "74ad2c41-79dd-40e2-890c-499a27c29dff",
        "source_id" : "cdfdfd4a-9fbd-4d14-b8b0-fea069a72135",
        "currency" : "usd",
        "updated_at" : "2022-09-12T01:15:31.48533Z"
      },
      {
        "amount" : -50,
        "status" : "null",
        "id" : "ef5ad4e9-7995-4760-9091-f0632e589f07",
        "transaction_kind" : "debit",
        "source_kind" : "fee",
        "created_at" : "2022-09-12T01:15:31.487762Z",
        "user_id" : "74ad2c41-79dd-40e2-890c-499a27c29dff",
        "source_id" : "cdfdfd4a-9fbd-4d14-b8b0-fea069a72135",
        "currency" : "usd",
        "updated_at" : "2022-09-12T01:15:31.487763Z"
      }
    ],
    "debit_amount" : -623,
    "coupons" : [

    ],
    "transaction" : {
      "amount" : -623,
      "status" : "null",
      "id" : "cdfdfd4a-9fbd-4d14-b8b0-fea069a72135",
      "transaction_kind" : "debit",
      "source_kind" : "ride",
      "created_at" : "2022-09-12T01:15:31.431043Z",
      "user_id" : "74ad2c41-79dd-40e2-890c-499a27c29dff",
      "source_id" : "db6bf46b-9cc2-4bc4-9b5a-96f69319d977",
      "currency" : "usd",
      "updated_at" : "2022-09-12T01:15:31.431044Z"
    },
    "additional_fees" : [
      {
        "id" : "93eda240-1da8-4227-91fa-d81b8c89ee50",
        "country" : "us",
        "jurisdiction_type" : "state",
        "amount" : 31,
        "created_at" : "2022-09-12T01:15:31.472433Z",
        "jurisdiction_name" : "california",
        "updated_at" : "2022-09-12T01:15:31.472435Z",
        "region" : "ca",
        "incoming_transaction_id" : "cdfdfd4a-9fbd-4d14-b8b0-fea069a72135",
        "postal_code" : "",
        "kind" : "tax",
        "rate" : 0.059999999999999998,
        "name" : "CA STATE TAX",
        "currency" : "usd"
      },
      {
        "id" : "0548859f-a3ae-4b0e-90c3-2d43431a37ec",
        "country" : "us",
        "jurisdiction_type" : "county",
        "amount" : 1,
        "created_at" : "2022-09-12T01:15:31.475543Z",
        "jurisdiction_name" : "los angeles",
        "updated_at" : "2022-09-12T01:15:31.475545Z",
        "region" : "ca",
        "incoming_transaction_id" : "cdfdfd4a-9fbd-4d14-b8b0-fea069a72135",
        "postal_code" : "",
        "kind" : "tax",
        "rate" : 0.0025000000000000001,
        "name" : "CA COUNTY TAX",
        "currency" : "usd"
      },
      {
        "id" : "d1c375e4-fb4a-4304-80f8-3a75dd6c1fb7",
        "country" : "us",
        "jurisdiction_type" : "city",
        "amount" : 3,
        "created_at" : "2022-09-12T01:15:31.478258Z",
        "jurisdiction_name" : "culver city",
        "updated_at" : "2022-09-12T01:15:31.478259Z",
        "region" : "ca",
        "incoming_transaction_id" : "cdfdfd4a-9fbd-4d14-b8b0-fea069a72135",
        "postal_code" : "",
        "kind" : "tax",
        "rate" : 0.0074999999999999997,
        "name" : "CA CITY TAX",
        "currency" : "usd"
      },
      {
        "id" : "3a388dcf-8d4c-48fa-ae89-46e4e6f092c4",
        "country" : "us",
        "jurisdiction_type" : "special",
        "amount" : 5,
        "created_at" : "2022-09-12T01:15:31.480699Z",
        "jurisdiction_name" : "los angeles co local tax sl",
        "updated_at" : "2022-09-12T01:15:31.480701Z",
        "region" : "ca",
        "incoming_transaction_id" : "cdfdfd4a-9fbd-4d14-b8b0-fea069a72135",
        "postal_code" : "",
        "kind" : "tax",
        "rate" : 0.01,
        "name" : "CA SPECIAL TAX",
        "currency" : "usd"
      },
      {
        "id" : "e0b6cf7f-1c32-4790-8413-0f0071040c87",
        "country" : "us",
        "jurisdiction_type" : "special",
        "amount" : 11,
        "created_at" : "2022-09-12T01:15:31.483043Z",
        "jurisdiction_name" : "los angeles county district tax sp",
        "updated_at" : "2022-09-12T01:15:31.483044Z",
        "region" : "ca",
        "incoming_transaction_id" : "cdfdfd4a-9fbd-4d14-b8b0-fea069a72135",
        "postal_code" : "",
        "kind" : "tax",
        "rate" : 0.022499999999999999,
        "name" : "CA SPECIAL TAX",
        "currency" : "usd"
      },
      {
        "amount" : 50,
        "jurisdiction_type" : "null",
        "rate" : 1,
        "id" : "6b46192b-3223-4c45-8ba7-fa83b8294e5a",
        "created_at" : "2022-09-12T01:15:31.485342Z",
        "updated_at" : "2022-09-12T01:15:31.485343Z",
        "kind" : "fee",
        "currency" : "usd",
        "name" : "Culver City Fee",
        "incoming_transaction_id" : "cdfdfd4a-9fbd-4d14-b8b0-fea069a72135"
      }
    ],
    "currency" : "usd"
  },
  "duration" : "12 min",
  "issues" : [

  ],
  "bird_tracks" : [
    {
      "location" : {
        "longitude" : -118.38245875547004,
        "latitude" : 33.983972019089663
      }
    },
    {
      "location" : {
        "longitude" : -118.40485381666667,
        "latitude" : 33.988582616666669
      }
    }
  ],
  "report_status" : "not_available"
}
