{
  "offset" : 0,
  "items" : [
    {
      "charge" : {
        "amount" : -599,
        "id" : "ba271655-84b4-48d7-9ae6-98884230da0b",
        "kind" : "adhoc",
        "feature_kind" : "bird_plus",
        "created_at" : "2022-07-28T19:29:45.301538Z",
        "currency" : "usd"
      },
      "transacted_in_full" : false
    },
    {
      "transacted_in_full" : false,
      "transaction" : {
        "amount" : -592,
        "id" : "537667e4-0ee8-4ed8-9c5a-6b388961a466",
        "transaction_kind" : "debit",
        "source_kind" : "ride",
        "created_at" : "2022-02-19T03:33:28.228891Z",
        "currency" : "usd"
      }
    }
  ]
}
