{
  "offset" : 0,
  "items" : [
    {
      "transaction" : {
        "amount" : 9000,
        "id" : "ba271655-84b4-48d7-9ae6-98884230da0b",
        "transaction_kind" : "credit",
        "source_kind" : "support",
        "created_at" : "2022-07-28T19:29:45.301538Z",
        "currency" : "eur"
      },
      "transacted_in_full" : false
    },
    {
      "transacted_in_full" : false,
      "transaction" : {
        "amount" : -592,
        "id" : "537667e4-0ee8-4ed8-9c5a-6b388961a466",
        "transaction_kind" : "debit",
        "source_kind" : "ride",
        "created_at" : "2022-02-19T03:33:28.228891Z",
        "currency" : "usd"
      },
      "ride" : {
        "id" : "db6bf46b-9cc2-4bc4-9b5a-96f69319d977",
        "started_at" : "2020-01-10T17:27:23.911Z",
        "delivery" : false,
        "pay_as_you_go" : false,
        "completed_at" : "2020-01-10T17:30:40.025Z"
      }
    },
    {
      "charge" : {
        "amount" : -599,
        "id" : "ba271655-84b4-48d7-9ae6-98884230da0b",
        "kind" : "adhoc",
        "feature_kind" : "bird_plus",
        "created_at" : "2022-07-28T19:29:45.301538Z",
        "currency" : "usd",
        "receipt_id" : "ba271655-84b4-48d7-9ae6-98884230da0b"
      },
      "transacted_in_full" : false
    },
    {
      "transaction" : {
        "amount" : -592,
        "id" : "437667e4-1ee8-4ed8-9c5a-6b388961a461",
        "transaction_kind" : "debit",
        "source_kind" : "monthly_rental_subscription",
        "created_at" : "2022-02-19T03:33:28.228891Z",
        "currency" : "usd"
      },
      "long_term_rental_transaction" : {
        "amount" : -599,
        "id" : "aa371655-84b4-48d7-9ae6-98884230da01",
        "created_at" : "2022-07-28T19:29:45.301538Z",
        "currency" : "usd"
      },
      "transacted_in_full" : false
    },
    {
      "transaction" : {
        "amount" : -592,
        "id" : "228a12a1-6d96-48ba-9b8e-b49c98748e0d",
        "transaction_kind" : "debit",
        "source_kind" : "merchant",
        "created_at" : "2022-02-19T03:33:28.228891Z",
        "currency" : "usd",
        "metadata": {"merchant_site_id": "a438a76d-12d8-4132-815f-81d7353f3ae9"}
      },
      "merchant_transaction" : {
        "amount" : -599,
        "billed_amount" : -599,
        "tip_amount" : -599,
        "transaction_kind" : "debit",
        "user_id": "5f0d8c84-2609-4466-b22c-cd99b1e9100b",
        "id" : "ba471655-84b4-48d7-9ae6-98884230da0b",
        "merchant": {"id": "a438a76d-12d8-4132-815f-81d7353f3ae9", "name": "Elabrew Coffee"},
        "site_id": "ba271655-84b4-48d7-9ae6-98884230da0b",
        "placard_id": "ba271655-84b4-48d7-9ae6-98884230da0b",
        "created_at" : "2022-07-28T19:29:45.301538Z",
        "currency" : "usd"
      },
      "transacted_in_full" : false
    }
  ],
  "total" : 0,
  "limit" : 50
}
